"","species","elev.bin","metric","jday"
"1","AMRO","Low","Minimum",140
"2","AMRO","Low","Start Boundary",91
"3","AMRO","Low","Maximum",105
"4","AMRO","Low","Maximum",172
"5","AMRO","Low","Half Rise",96
"6","AMRO","Low","Half Rise",158
"7","AMRO","Low","Half Fall",121
"8","AMRO","Low","Half Fall",191
"9","AMRO","Mid","Minimum",147
"10","AMRO","Mid","End Boundary",251
"11","AMRO","Mid","Maximum",224
"12","AMRO","Mid","Half Rise",199
"13","AMRO","Mid","Half Fall",240
"14","BRCR","Low","Minimum",150
"15","BRCR","Low","Minimum",216
"16","BRCR","Low","End Boundary",244
"17","BRCR","Low","Maximum",115
"18","BRCR","Low","Maximum",199
"19","BRCR","Low","Half Rise",101
"20","BRCR","Low","Half Rise",177
"21","BRCR","Low","Half Fall",130
"22","BRCR","Low","Half Fall",207
"23","BRCR","Mid","Minimum",164
"24","BRCR","Mid","Start Boundary",120
"25","BRCR","Mid","End Boundary",251
"26","BRCR","Mid","Maximum",199
"27","BRCR","Mid","Half Rise",183
"28","BRCR","Mid","Half Fall",218
"29","CAJA","Low","Minimum",125
"30","CAJA","Low","Minimum",219
"31","CAJA","Low","End Boundary",244
"32","CAJA","Low","Maximum",195
"33","CAJA","Low","Half Rise",179
"34","CAJA","Low","Half Fall",206
"35","CAJA","Mid","Minimum",223
"36","CAJA","Mid","End Boundary",251
"37","CAJA","Mid","Maximum",199
"38","CAJA","Mid","Half Rise",182
"39","CAJA","Mid","Half Fall",210
"40","CBCH","Low","Minimum",160
"41","CBCH","Low","Minimum",223
"42","CBCH","Low","End Boundary",244
"43","CBCH","Low","Maximum",126
"44","CBCH","Low","Maximum",203
"45","CBCH","Low","Half Rise",109
"46","CBCH","Low","Half Rise",186
"47","CBCH","Low","Half Fall",141
"48","CBCH","Low","Half Fall",212
"49","CBCH","Mid","Minimum",157
"50","CBCH","Mid","End Boundary",251
"51","CBCH","Mid","Maximum",205
"52","CBCH","Mid","Half Rise",186
"53","CBCH","Mid","Half Fall",226
"54","DEJU","Low","Minimum",123
"55","DEJU","Low","Start Boundary",91
"56","DEJU","Low","Maximum",186
"57","DEJU","Low","Half Rise",141
"58","DEJU","Low","Half Fall",213
"59","DEJU","Mid","Minimum",159
"60","DEJU","Mid","Minimum",225
"61","DEJU","Mid","Maximum",143
"62","DEJU","Mid","Maximum",184
"63","DEJU","Mid","Half Rise",130
"64","DEJU","Mid","Half Rise",174
"65","DEJU","Mid","Half Fall",150
"66","DEJU","Mid","Half Fall",197
"67","EVGR","Low","Minimum",203
"68","EVGR","Low","Maximum",164
"69","EVGR","Low","Half Rise",154
"70","EVGR","Low","Half Fall",174
"71","EVGR","Mid","Minimum",143
"72","EVGR","Mid","Start Boundary",120
"73","EVGR","Mid","Maximum",206
"74","EVGR","Mid","Half Rise",169
"75","EVGR","Mid","Half Fall",222
"76","GCKI","Low","Minimum",150
"77","GCKI","Low","Minimum",187
"78","GCKI","Low","Start Boundary",91
"79","GCKI","Low","End Boundary",244
"80","GCKI","Mid","Minimum",159
"81","GCKI","Mid","Start Boundary",120
"82","GCKI","Mid","Maximum",226
"83","GCKI","Mid","Half Rise",209
"84","GCKI","Mid","Half Fall",239
"85","HAFL","Low","Minimum",159
"86","HAFL","Low","Minimum",219
"87","HAFL","Low","End Boundary",244
"88","HAFL","Low","Maximum",134
"89","HAFL","Low","Maximum",184
"90","HAFL","Low","Half Rise",126
"91","HAFL","Low","Half Rise",173
"92","HAFL","Low","Half Fall",143
"93","HAFL","Low","Half Fall",197
"94","HAFL","Mid","Minimum",138
"95","HAFL","Mid","Minimum",181
"96","HAFL","Mid","Minimum",230
"97","HAFL","Mid","Start Boundary",120
"98","HAFL","Mid","Maximum",146
"99","HAFL","Mid","Half Rise",142
"100","HAFL","Mid","Half Fall",162
"101","HETH","Low","Minimum",152
"102","HETH","Low","Start Boundary",91
"103","HETH","Low","Maximum",108
"104","HETH","Low","Half Rise",99
"105","HETH","Low","Half Fall",119
"106","HETH","Mid","Minimum",141
"107","HETH","Mid","Minimum",231
"108","HETH","Mid","Start Boundary",120
"109","HETH","Mid","Maximum",161
"110","HETH","Mid","Half Rise",151
"111","HETH","Mid","Half Fall",198
"112","NOFL","Low","Minimum",120
"113","NOFL","Low","Minimum",165
"114","NOFL","Low","Minimum",225
"115","NOFL","Low","Start Boundary",91
"116","NOFL","Mid","Minimum",179
"117","NOFL","Mid","Minimum",245
"118","NOFL","Mid","Start Boundary",120
"119","NOFL","Mid","End Boundary",251
"120","NOFL","Mid","Maximum",144
"121","NOFL","Mid","Maximum",209
"122","NOFL","Mid","Half Rise",130
"123","NOFL","Mid","Half Rise",196
"124","NOFL","Mid","Half Fall",159
"125","NOFL","Mid","Half Fall",223
"126","OSFL","Low","Maximum",220
"127","OSFL","Low","Half Rise",211
"128","OSFL","Low","Half Fall",228
"129","OSFL","Mid","Minimum",184
"130","OSFL","Mid","Maximum",157
"131","OSFL","Mid","Maximum",213
"132","OSFL","Mid","Half Rise",148
"133","OSFL","Mid","Half Rise",205
"134","OSFL","Mid","Half Fall",165
"135","OSFL","Mid","Half Fall",221
"136","PAWR","Low","Minimum",148
"137","PAWR","Low","Minimum",221
"138","PAWR","Low","Start Boundary",91
"139","PAWR","Low","Maximum",114
"140","PAWR","Low","Maximum",171
"141","PAWR","Low","Half Rise",100
"142","PAWR","Low","Half Rise",160
"143","PAWR","Low","Half Fall",129
"144","PAWR","Low","Half Fall",189
"145","PAWR","Mid","Minimum",161
"146","PAWR","Mid","Start Boundary",120
"147","PAWR","Mid","Maximum",177
"148","PAWR","Mid","Half Rise",169
"149","PAWR","Mid","Half Fall",196
"150","PISI","Low","Minimum",179
"151","PISI","Low","Maximum",139
"152","PISI","Low","Half Rise",126
"153","PISI","Low","Half Fall",151
"154","PISI","Mid","Minimum",132
"155","PISI","Mid","Start Boundary",120
"156","PISI","Mid","Maximum",150
"157","PISI","Mid","Half Rise",142
"158","PISI","Mid","Half Fall",178
"159","PIWO","Low","Minimum",142
"160","PIWO","Low","Start Boundary",91
"161","PIWO","Low","End Boundary",244
"162","PIWO","Mid","Minimum",168
"163","PIWO","Mid","Minimum",226
"164","PIWO","Mid","End Boundary",251
"165","PSFL","Low","Minimum",160
"166","PSFL","Low","Maximum",144
"167","PSFL","Low","Maximum",190
"168","PSFL","Low","Half Rise",133
"169","PSFL","Low","Half Rise",177
"170","PSFL","Low","Half Fall",151
"171","PSFL","Low","Half Fall",207
"172","PSFL","Mid","Minimum",156
"173","PSFL","Mid","Maximum",151
"174","PSFL","Mid","Maximum",177
"175","PSFL","Mid","Half Rise",134
"176","PSFL","Mid","Half Rise",168
"177","PSFL","Mid","Half Fall",153
"178","PSFL","Mid","Half Fall",194
"179","RBNU","Low","Minimum",153
"180","RBNU","Low","End Boundary",244
"181","RBNU","Mid","Minimum",154
"182","RBNU","Mid","End Boundary",251
"183","RBNU","Mid","Maximum",227
"184","RBNU","Mid","Half Rise",199
"185","RBNU","Mid","Half Fall",242
"186","RECR","Low","Minimum",122
"187","RECR","Low","End Boundary",244
"188","RECR","Low","Maximum",220
"189","RECR","Low","Half Rise",205
"190","RECR","Low","Half Fall",233
"191","RECR","Mid","Minimum",159
"192","RECR","Mid","End Boundary",251
"193","RECR","Mid","Maximum",234
"194","RECR","Mid","Half Rise",196
"195","RECR","Mid","Half Fall",245
"196","RUHU","Low","Start Boundary",91
"197","RUHU","Low","End Boundary",244
"198","RUHU","Mid","Minimum",179
"199","RUHU","Mid","Maximum",143
"200","RUHU","Mid","Half Rise",138
"201","RUHU","Mid","Half Fall",148
"202","SOGR","Low","Minimum",111
"203","SOGR","Low","Minimum",174
"204","SOGR","Low","Minimum",221
"205","SOGR","Low","Start Boundary",91
"206","SOGR","Low","Maximum",134
"207","SOGR","Low","Half Rise",125
"208","SOGR","Low","Half Fall",144
"209","SOGR","Mid","Minimum",165
"210","SOGR","Mid","Minimum",205
"211","SOGR","Mid","Start Boundary",120
"212","SOGR","Mid","Maximum",132
"213","SOGR","Mid","Half Rise",125
"214","SOGR","Mid","Half Fall",141
"215","STJA","Low","Minimum",153
"216","STJA","Low","Minimum",225
"217","STJA","Low","Start Boundary",91
"218","STJA","Low","End Boundary",244
"219","STJA","Low","Maximum",114
"220","STJA","Low","Maximum",203
"221","STJA","Low","Half Rise",100
"222","STJA","Low","Half Rise",180
"223","STJA","Low","Half Fall",132
"224","STJA","Low","Half Fall",214
"225","STJA","Mid","Minimum",157
"226","STJA","Mid","End Boundary",251
"227","SWTH","Low","Minimum",118
"228","SWTH","Low","Minimum",170
"229","SWTH","Low","Minimum",237
"230","SWTH","Low","Start Boundary",91
"231","SWTH","Mid","Minimum",174
"232","SWTH","Mid","Minimum",217
"233","SWTH","Mid","End Boundary",251
"234","SWTH","Mid","Maximum",149
"235","SWTH","Mid","Half Rise",141
"236","SWTH","Mid","Half Fall",157
"237","TOWA","Low","Minimum",236
"238","TOWA","Low","Maximum",120
"239","TOWA","Low","Half Rise",112
"240","TOWA","Low","Half Fall",129
"241","TOWA","Mid","Minimum",164
"242","TOWA","Mid","Minimum",226
"243","TOWA","Mid","Start Boundary",120
"244","TOWA","Mid","Maximum",141
"245","TOWA","Mid","Maximum",180
"246","TOWA","Mid","Half Rise",130
"247","TOWA","Mid","Half Rise",174
"248","TOWA","Mid","Half Fall",151
"249","TOWA","Mid","Half Fall",188
"250","VATH","Low","Minimum",126
"251","VATH","Low","Minimum",148
"252","VATH","Low","Start Boundary",91
"253","VATH","Low","Maximum",185
"254","VATH","Low","Half Rise",172
"255","VATH","Low","Half Fall",199
"256","VATH","Mid","Minimum",137
"257","VATH","Mid","Minimum",171
"258","VATH","Mid","Minimum",236
"259","VATH","Mid","Start Boundary",120
"260","VATH","Mid","Maximum",167
"261","VATH","Mid","Maximum",195
"262","VATH","Mid","Half Rise",151
"263","VATH","Mid","Half Rise",186
"264","VATH","Mid","Half Fall",169
"265","VATH","Mid","Half Fall",207
"266","WAVI","Low","Minimum",218
"267","WAVI","Low","Maximum",163
"268","WAVI","Low","Half Rise",148
"269","WAVI","Low","Half Fall",176
"270","WAVI","Mid","Minimum",170
"271","WAVI","Mid","Maximum",139
"272","WAVI","Mid","Maximum",224
"273","WAVI","Mid","Half Rise",131
"274","WAVI","Mid","Half Rise",208
"275","WAVI","Mid","Half Fall",148
"276","WAVI","Mid","Half Fall",235
"277","WETA","Low","Minimum",107
"278","WETA","Low","Minimum",172
"279","WETA","Low","Maximum",146
"280","WETA","Low","Maximum",191
"281","WETA","Low","Half Rise",133
"282","WETA","Low","Half Rise",182
"283","WETA","Low","Half Fall",157
"284","WETA","Low","Half Fall",206
"285","WETA","Mid","Minimum",169
"286","WETA","Mid","Minimum",213
"287","WETA","Mid","Maximum",145
"288","WETA","Mid","Maximum",187
"289","WETA","Mid","Maximum",230
"290","WETA","Mid","Half Rise",135
"291","WETA","Mid","Half Rise",178
"292","WETA","Mid","Half Rise",222
"293","WETA","Mid","Half Fall",154
"294","WETA","Mid","Half Fall",199
"295","WETA","Mid","Half Fall",242
"296","WEWP","Low","Minimum",155
"297","WEWP","Low","Minimum",186
"298","WEWP","Low","Maximum",133
"299","WEWP","Low","Half Rise",130
"300","WEWP","Low","Half Fall",137
"301","WEWP","Mid","Minimum",192
"302","WEWP","Mid","Start Boundary",120
"303","WEWP","Mid","Maximum",136
"304","WEWP","Mid","Half Rise",127
"305","WEWP","Mid","Half Fall",148
"306","WIWA","Low","Minimum",220
"307","WIWA","Low","Maximum",146
"308","WIWA","Low","Half Rise",132
"309","WIWA","Low","Half Fall",162
"310","WIWA","Mid","Start Boundary",120
"311","WIWA","Mid","End Boundary",251
"312","YRWA","Low","Start Boundary",91
"313","YRWA","Mid","Minimum",157
"314","YRWA","Mid","Minimum",207
"315","YRWA","Mid","Maximum",138
"316","YRWA","Mid","Maximum",176
"317","YRWA","Mid","Maximum",233
"318","YRWA","Mid","Half Rise",131
"319","YRWA","Mid","Half Rise",169
"320","YRWA","Mid","Half Rise",228
"321","YRWA","Mid","Half Fall",145
"322","YRWA","Mid","Half Fall",182
"323","YRWA","Mid","Half Fall",237
